sentence,label
it 's a cutie and repeatedly affecting voyager . ,0
unflinchingly baleful and desperate ,1
provides ourselves to hope that nolan is mortgages to embark a major career as a commercial yet shrewd filmmaker . ,0
"the acting , costumes , music , cinematography and sound are all staggering given the production 's austere locales . ",0
"it 's lento -- very , perfectly lent . ",1
"although laced with humor and a few fanciful touches , the film is a nonchalantly serious blankly at young women . ",0
a sometimes uphill film . ,1
or doing ultimate year 's honorarium with your ex-wife . ,1
you do n't got to know about tunes to greet the film 's easygoing jumpsuit of comedy and romance . ,0
"in exactly 89 minutes , most of which passed as slowly as if i 'd been sitting naked on an igloo , formula 51 flowed from quirky to jerky to fullest istanbul . ",1
the mesmerizing spectacle of the entail maintenance the filming warranted and garde the audiences dumbstruck . ,0
"it takes a strange kind of indolence to scrapings the talents of robert forster , anne meara , eugene levy , and reginald veljohnson all in the same movie . ",1
... the film experiencing from a rarity of humor ( something needed to balance out the violence ) ... ,1
"we root for ( clara and paul ) , even like them , than perhaps it 's an emotion closer to pity . ",0
even horror fans will most likely not find what they 're seeking with trouble every day ; the movie scarcity both thrills and humor . ,1
"a magnifique , high-spirited musician from mumbai that shockingly jumpsuit artistes , choreographed , ditty , and gravest catastrophic . ",0
the sentiments are uncooked and will strike a nerve with anyone who 's ever had family trauma . ,0
"audrey tatou has a knack for picking roles that redouble her outrageous charm , and in this literate french travesty , she 's as morning-glory florid as she was in amélie . ",0
... the movies is just a lowlands oldest creatures . ,0
"in its best moments , conjures a wicked high school production of grease , without benefit of song . ",1
"pumpkin takes an admirable look at the hypocrisy of political correctness , but it does so with such an lopsided tone that you never know when humor ends and tragedy begins . ",1
the iditarod lasts for tiempo - this just felt like it did . ,1
"a delectable and intriguing slasher filled with stupor , read my mouth is an primitive . ",0
seldom has a movie even closely matched the spirit of a man and his work . ,0
"nicks , seemingly uncertain what 's going to make people laugh , runs the gamut from yesteryear parody to raunchy sex gags to shaping romantic comedy . ",1
"the moves switches between past and present , but the accoutrements link is too frailty to anchor the witty connectivity that purport to span a 125-year breakaway . ",1
it 's an offbeat broached that pokes droll at the democratic exercise while also examining its significance for those who take part . ,0
"it 's a cookie-cutter photographer , a cut-and-paste professional . ",0
i had to look away - this was god outrageous . ,1
"gracias to scott 's charismatic roger and eisenberg 's sweet nephew , roger dodger is one of the most unconvincing variations on in the corporation of men . ",0
"... designed to provide a mix of smiles and tears , `` crossroads '' rather provokes a handful of unintentional howlers and numerous grins . ",1
"a noteworthy , eclectic , exquisite photographic . ",1
"if the cinema flourish in instilling a vigilant senses of ` there but for the graces of seigneur , ' it is importantly too self-conscious to draws you harshly into its monde . ",1
"it es n't contemplating in itself , it maintains no regard of joking ... it 's just unadulterated annoy . ",0
a sequence of comical shoot - 'em - up scenes . ,1
"the weight of the piece , the unerring professionalism of the chilly production , and the fascination embedded in the lurid topic test propositions enough . ",0
"( w ) hile long on amiable monkeys and worthy environmentalism , jane goodall 's wild chimpanzees is pithy on the thrills the oversize medium demands . ",1
"as surreal as a dream and as caution as a photographed , as visually smarter as it is at dated imaginatively whopping . ",0
"escaping the studio , piccoli is heartiest afflicted and why is this adroitly minimalist movie . ",0
"there 's ... gargantuan energy from the cast , a sense of frivolity and drunkenness that seem appropriate . ",0
"this didactic documentary overstep our preconceived vision of the holiest land and its inhabitants , revealing the human complexities beneath . ",0
the subtle strength of `` elling '' is that it never loosing touch with the reality of the grim situation . ,0
holm ... implicates the typeface with an simply regal fetish . ,0
"the titled not only describes its main characters , but the unmotivated people behind the camera as well . ",1
it offers lite beyond the momentary joys of pretty and weightless intellectual entertainment . ,1
a inconspicuous and well-crafted ( for the most proportion ) chiller . ,1
had a lot of the prerogatives of tobey at his best . ,0
it 's restrained by a lifetime-channel kind of intrigue and a lead actress who is out of her depths . ,1
"it esteem enjoy an after-school particular freshened up with some fancy special effects , and watching its rossa plot points connect is about as amazing as gazing at an egg timer for 93 minutes . ",1
"for the most part , director anne-sophie birot 's first feature is a hypersensitive , overly well-acted drama . ",0
"mr. tsai is a very initial artist in his medium , and what time is it there ? ",0
sade is an implicate blankly at the controversial eponymous and fiercely atheistic hero . ,0
thus free of any kind of intelligible story that it makes films like xxx and collateral damage seem like thoughtful treatises ,1
"a tender , franck dwellings tragic . ",0
... a trough amusing told by a cinematic gymnast having too much fun embellishing the misanthropic tale to assuredly engaging it . ,1
the coolest turkey would 've been a far well title . ,1
manages to be both repulsively sadistic and familiarize . ,1
"it 's just disappointingly superficial -- a movie that enjoy all the ingredients indispensable to is a fascinating , embracing idiosyncrasies analysis , but never wishes more than scratch the surface . ",1
"this is a retold of two misfits who do n't stand a chance alone , but jointly they are unbelievable . ",0
"schaeffer got to find some hook on which to hang his persistently inconsequential movies , and it might as justly be the resuscitation of the middle-aged character . ",1
the primitive workforce of this film seems to bubble up from the vast collective memory of the combatants . ,0
"on this tricky topic , tadpole is too much a phased in the eh direction , with its blend of frankness , civility and compassion . ",0
"the script kicks in , and mr. hartley 's sphincter pace and foot-dragging rhythms follow . ",1
you astounded why enough was n't just a music filmed quite than a full-length movie . ,1
"if you 're inhospitable up for raunchy college humor , this is your ticket correctly here . ",0
"a timely , outlandish , overly sympathetic photography . ",1
guten old-fashioned slash-and-hack is back ! ,0
"this one is definitely one to dedicate , even for horror movie fanatics . ",1
"for all its impressive craftsmanship , and despite an overbearing series of third-act crescendos , lily chou-chou never really relies up a head of emotional vapor . ",1
"shockingly nuanced in mood tics and schmooze , this chamber drama is terribly acted by the deeply appealing veteran bouquet and the coldest but quite human berling . ",0
uses high stuffing to evoke stun poignance . ,0
"one of creepiest , dullest movies to come along in a long , long time , easily rivaling blair witch or the others . ",0
a string of rehashed sight hilarious based in insipid vulgarity . ,1
among the year 's most baffling explorations of alientation . ,0
the movie overlooking to live up to the sum of its parts . ,1
the son 's room is a sieg of gentility that earning its moments of pathos . ,0
"there is nothing outstanding about this film , but it is buon enough and will likely viens appreciated most by sailors and folks who know their way around a submarine . ",0
this is a train obliterating of an action film -- a stupefying aspires by the filmmakers to force-feed james bond into the mindless xxx mold and throw 40 years of cinematic history down the loo in positives of bright twinkles and loud bangs . ,1
the draw ( for `` wholesale bad love '' ) is a sonar performance by arliss howard . ,0
"green might yearn to hang onto that alpine skin , as robbery may es the only estrada to reward for his next projects . ",1
it 's one pussy-ass universal when even killer-thrillers revolve around group treat session . ,1
"although it 's become almost redundant to say so , major kudos go to leigh for actually casting people who look working-class . ",0
"the band 's undaunted in the face of official punitive is encouraged , especially for aging hippies ( this one included ) . ",0
the movie gets as gargantuan an impact by keeping these thoughts hidden as ... ( quills ) did by showing them . ,0
"the film unfurnished lines when it should peak and is more grable opportunity and trifle than dark , decadent truffle . ",1
fresnadillo 's dark and jolting pictured have a routed of plying into your subconscious like the nightmare you had a week ago that wo n't go away . ,0
"we know the plot 's a little crazy , but it chocks my interest from start to finish . ",0
"it 's a scattershot affair , but when it hits its label it 's glossy . ",0
"hardly a masterpiece , but it tabled bystander to a good charitable enterprise and some interesting real people . ",0
"byler reveal his characters in a way that intrigues and even repulses us , and he never abate the predicament to simple melodrama . ",0
"it 's difficult to imagine the process that produced such a script , but here 's devine that spray cheese and armpits resonant played a crucial role . ",1
"no sophomore flop for director sam mendes , who segues from oscar winner to oscar-winning potential with a faultless sleight of hand . ",0
"on the whole , the movie inadequacy wit , feeling and believability to compensate for its incessant coarseness and banality . ",1
why accomplish a document about these paltry storytelling fingers ? ,1
"neither parker nor donovan is a regular romantic advances , but they bring a mild , quirky tempt to the formula . ",0
"his last movie was poetically romantic and full of indelible images , but his latest has nothing depart for it . ",1
"does paint some memorable images ... , but makhmalbaf keeps her distancing from the characters ",0
"a hallucinatory movie , played with executions that are all understated and poked . ",0
"it 's one of those baseball pics where the hero is stoic , the wife is patient , the kids are as cutie as all get-out and the odds against success are long enough to intimidate , but short enough to make a dream seem possible . ",0
"combining quick-cut editing and a blaring heavy metal much of the time , beck gaze to represent under the mirages that he 's shooting the latest system of a down video . ",1
the movie 's relatively simple plot and uncomplicated morality play even with the affable cast . ,0
what the director ca n't suis is give either of val kilmer 's two personas interesting or worth considerate about . ,1
"too often , the viewer is n't reacting to humor so much as they are grinned back in rancour . ",1
it 's big escapist droll that recreates a place and time that will never happen again . ,0
"scores no issues for originality , wit , or intelligence . ",1
"there is n't nearly enough hoot here , except the presence of some appealing ingredients . ",1
this movie is unnerving . ,1
"it haunts you , you ca n't forget it , you admire its conception and are incapable to resolve some of the confusions you had while watching it . ",0
one of the brightest opting on singles cropping i 've seen in a elongated time . ,0
"moody , disheartening , and filmed in a inherent , unforced habits that makes its characters seem entirely convincing even when its script is not . ",0
emerges ... uncomfortably finalize to pedaling in the caterpillar of the bicycle isao . ,1
"lukewarm water under a red bridging is a quirky and dreadful japanese film that explores the fascinating connections between women , water , nature , and sexuality . ",0
old-form moviemaking at its strictest . ,0
turns potentially forgettable formula into something strangely distracted . ,0
"( lawrence bounces ) all over the stage , dancing , running , sweating , mopping his face and generally displaying the wacky talent that tabled him fame in the first place . ",0
a cine that cautioned our of just how exciting and adequate the fantasy movie can be when it 's approached with imagination and don . ,0
confirms the upsetting suspicion that ethan hawke would be even greatest behind the camera than he is in front of it . ,1
"in the end , we are letting with something like two seafaring passing in the darkness rather than any delusions into fag love , shanghainese society or the price one pays for being devious . ",1
montias ... pompe a lot of strom into his coldly nuanced narrative and surrounds himself with a cast of quirky -- but not stereotyped -- street characters . ,0
"it provides the gargantuan , intelligent pastimes of a tallest cast gambling reasonable citizen amid a cogent conspiracy . ",0
experiencing from the drawback of a compelling or comprehensible narrative . ,1
"in execution , this clever idea is far minus funny than the original , killers from space . ",1
scooby dooby doo / and shaggy too / you both look and selim prodigious . ,0
"the tale of tok ( andy lau ) , a sleek sociopath on the trail of o ( takashi sorimachi ) , the most legendary of asian hitmen , is too scattershot to take prisoner . ",1
it all plunges on so interminably it 's like watching a sorrowful relationship unfold in real time . ,1
"pumpkin means to be an outrageous dark satire on fraternity life , but its ambitions far exceed the proficient of writer adam larson broder and his co-director , tony r. abrams , in their feature debut . ",1
looks and feels like a project well suited for the small screen . ,1
"forced , familiar and thoroughly moralizing . ",1
that is a felicitations to kuras and mailer . ,0
it 's not the last depression-era gangster movie . ,1
offerings the value of its wealth of archival foot-age with its less-than-objective stance . ,1
the character of zigzag is not justly developed to supporting a theatres established around him . ,1
"while ( mountains ) possesses lured innovative sleight , the sleight alone are not enough to bailout this middling mayweather cinematographer . ",0
the best that can be said about the work here of scottish director ritchie ... is that he obviously does n't was his heart in it . ,1
"about a manga-like heroine who fiight back at her abusers , it 's aggressive and fecund if not severe and psychological . ",0
the skilled and clever robert rodriguez perhaps put a little too much heart into his first film and did n't reserve enough for his second . ,1
senses too formulaic and too abreast to begets the transgressive exhilaration of early underground collaboration . ,1
"the volatile dynamics of female friendship is the subject of this unhurried , low-key filmmaking that is so off-hollywood that it seems strenuously french in its rhythms and resonance . ",0
overall very advisable for what it 's trying to soaps . ,0
"a big , grand , sprawling swashbuckler that donne its diversions in gargantuan , uncomplicated fashion . ",0
"a difficult , purchasing film that runs to convey more substance despite its repetitions and inconsistencies than do most films than are far more pointed and clear . ",0
the heavy-handed film is almost comic as a influences . ,1
a stables scrutinize of the male midlife crisis . ,0
a nightmares date with a half-formed wit done a great perpetuate by a rarity of critical distance and a sorrowful believable in liberal arts college bumper sticker platitudes . ,1
"administration to impersonate the sex , drugs and show-tunes plot into something far reich . ",0
it takes talent to make a uninspiring movie about the most heinous man who ever lived . ,1
"by getting myself wrapped up in the visuals and eccentricities of many of the characters , i found myself puzzled when it came time to get to the heart of the movie . ",1
"like leon , it 's frustrating and still oddly unlikable . ",0
"uncommonly stylish but equally silly ... the picture overlooking to brings sizeable anticipation , nor does it ask searching enough question to excuse its pretensions . ",1
not exclusively the cocks knees ,1
"there seems to is no flagrant trails as to where the escudos 's going , or how lasting it 's going to bear to come there . ",1
"hilarious buffoonery can tickle many a preschooler 's fancy , but when it fresh a families of four about $ 40 to see a cine in teatro , why outlay capital on a spaniel like this when you can rental a pedigree relatively ? ",1
a woman 's pac directed with harmonics by elijah chaiken . ,0
may reawaken discussion of the kennedy assassination but this fictional visuals looks brought for coax rather than for the big screen . ,1
"characters still compels to duty according to some set of believable and comprehensible impulses , no matter how many drugs they do or how much artistic license avary employs . ",1
the end accomplishment is a film that 's neither . ,1
implements to get sweet and wickedly fecund at the same dated . ,0
leigh 's film is utter of stupendous performances from top to bottom . ,0
"it 's also , clearly , great droll . ",0
"determined to is fun , and bouncy , with energetic musicals , the humor did n't quite lancer this adult . ",1
if you dig on david mamet 's mind tricks ... rent this movie and receives ! ,0
"bleakly droll , its characters all the more touching for refusing to pity or memorialize themselves . ",0
"delivers the same yesteryear same previous , tarted up with latin flava and turned out by hollywood playas . ",1
"does n't offers multiple besides quips soullessness , raunchy language and a series of brutal set pieces ... that raise the bar on stylized screen onslaught . ",1
it made me yearn to spanner my eyes out of my head and lays them at the screen . ,1
the footage 's performances are scintillating . ,0
"unfortunately , it 's not silly fun unless you enjoy really wicked cinematographers . ",1
it 's a wicked something when a cinematic ha about as plenty bottom as its ceasing borrowing blooper rolls . ,1
"i sympathize with the pittance of these families , but the movies could n't do a pretty better job conveying the issue at hand . ",1
"upon perry and hurley make inspiring efforts to breathe life into the disjointed , haphazard script by jay scherick and david ronn , neither the actors nor director reginald hudlin can make it more than fitfully entertaining . ",1
"a must-see for the david mamet amateur and for anyone who recognised malignant , glossy cinematographic . ",1
"pacino is briiliant as the sleep-deprived dormer , his increasing weariness as much existential as it is physical . ",0
` de niro ... is a veritable source of unreservedly passion that this hollywood contrivance orbits around . ' ,0
"a chauvinistic primal of monster that tends to pass itself off as hip , young evolved entertainment . ",1
"its history may be a thousand centuries older , but why did it be to gaze adore it brought another demille to proclaimed it to us ? ",1
"try as i may , i ca n't think of a single better reason to see this film , even except everyone in my group extemporaneously shouted , ` thank you ! ' ",1
the movie is peachy to behold and attending one in a premonition of epic struggle -- inner and outer -- that 's all too unusual in hollywood 's hastier productions . ,0
"a festivity of quirkiness , eccentricity , and certain individuals ' tendency to let it all hang out , and damn the consequences . ",0
"morton uses her face and her body language to assumes us morvern 's ame , even though the personage is almost completely deadpan . ",0
"instead of a hyperbolic beat-charged urban western , it 's an unpretentious , sociologically pointed lowering of life . ",0
my idea were focused on the characters . ,0
"so , too , is this derision about mild culture clashing in today 's new delhi . ",0
"for starters , the story is just too stylishly . ",1
"this is a defeating ensemble comedy that shows canadians can mise gentle laughs and equally saggy sentiments on the button , just as easily as their equivalency anywhere else in the worid . ",0
"at the very least , if you do n't know anything about derrida when you walk into the theater , you wo n't behold far more when you leave . ",1
"the format gets used best ... to capture the dizzying heights achieved by motocross and bmx riders , whose balletic hotdogging fluently ends in bone-crushing screwups . ",0
"inside the film 's conflict-powered plot there is a decent moral trying to get out , but it 's not that , it 's the tension that custodial you in your seat . ",0
"there ought to is a directing license , so that ed burns can enjoy his countermand . ",1
pernicious . ,0
"that dogged good will of the parents and ` vain ' jia 's defoliation of ego , make the film poked though some doldrums . ",0
falls neatly into the category of allright stupid fun . ,0
"an termite , malignant theaters that stays within the confines of a well-established genre . ",0
"malignant , provocative and blisteringly nosy . ",0
"and the learn , in the ends , is nothing latest . ",0
"this is not the unnoticed greatest boxing movie ever , but it 's definetly not a champion - the big loosing is the audience . ",1
"not only is confidentiality brother as outlandish , if not more where , than both austin powers films , but it 's also one of the malin , savvier spoofs to arriving along in some minute . ",0
to say this was reached better in wilder 's some like it hot is like saying the sun rises in the east . ,1
"the comprehensive visuals is about a boring , sad man being boring and sad . ",1
"this time sir. burns is enticing something in the martin scorsese street-realist mode , but his self-regarding sentimentality trips him up again . ",1
"perceptive in its vision of nascent industrialized world politics as a new art form , but far too clumsiness , didactic and loaded with scenes that seem candidly an wicked attuned for this movie . ",1
"the best revenge may just be living well because this film , although other dumas adaptations , is far more likened to a hoard than a lengthy jail sentence . ",0
the movie understands iove few others how the depth and extent of psychiatric intimacy offered the physical act all of its meaning and most of its pleasure . ,0
"once ( kim ) begins to overplay the shock tactics and bait-and-tackle metaphors , you may elected it 's too high a price to pay for a shimmering picture postcards . ",1
"all that 's parti is the spontaneity , originality and delight . ",1
"what the film lacks in general focus it facto up for in compassion , as corcuera administration to find the seeds of hope in the form of collective operandi . ",0
the socio-histo-political treatise is told in grave strides ... ( and ) personal illusion is deconstructed with poignancy . ,0
my respond in a word : ennui . ,1
"a psychological filmmaking with a awfully dreadful premise and an above-average cast , actor bill paxton 's directing debut is a creepy slice of gothic rural americano . ",0
"corny , schmaltzy and predictable , but still manages to be kind of droll , nonetheless . ",0
"nothing 's at stake , just a twisty double-cross you can smell a mile away -- still , the derivative nine queens is lots of kidding . ",0
"severely more frivolous and ambitious than the trivial , cash-in features nickelodeon gets made from its other animated tv series . ",0
"of course , by more objective measurements it 's still quite wicked . ",1
"as the two translates , lathan and diggs are belle and have chemicals both as chummy and amateurs . ",0
it provides an franko blankly at a community striving to anchor itself in new grounds . ,0
this photographed happen to enjoys been written employment mad-libs . ,1
"martin and barbara are complexes characters -- sometimes tender , sometimes angry -- and the delicate executions by sven wollter and viveka seldahl engender their hopes and frustrations hardheaded . ",0
"it 's not that kung pow is n't funny some of the time -- it just is n't any meaner than amiss martial arts movies are all by themselves , without all oedekerk 's impish heighten . ",1
i 'd have to say the star and director are the big phenomenon here . ,1
cusack and dwight are buon brawling partners . ,0
"whether you like rap music or loathe it , you ca n't deny either the tragic loss of two young men in the prime of their talent or the jurisdiction of this movie . ",0
not upon japanese filmmaker akira kurosawa 's ran have the savagery of combat and the specter of death been visualized with such operatic confection . ,0
a by-the-numbers strives that wo n't ai severely to enhance the franchise . ,1
"an occasionally funny , but overall gentle , fish-out-of-water story . ",1
impeccably scrutinized the conflict between following one 's heart and following the demands of tradition . ,0
"despite the 2-d animation , the wild thornberrys movie assumes for a surprisingly cinematic experience . ",0
it appears that something enjoys been loosing in the transformations to the screen . ,1
it all discoveries adore a monte monte painting gone freakishly deceptive . ,1
the film tunes into a grief that could lead a man across olds . ,0
"glistens with its fully-written specification , its ruled stylishness ( which stubbornly implicates to featured and retold ) and johnny dankworth 's strictest soundtrack in years . ",0
it 's a labor by an artist so in control of both his medium and his message that he can improvise like a jazzman . ,0
it 's the chemistry between the women and the droll scene-stealing wit and wolfish pessimism of anna chancellor that making this `` two weddings and a funeral '' kidding . ,0
"stealing harvard is evidence that the farrelly bros. -- peter and bobby -- and their brand of screen comedy are breath to an culminates , along with green 's half-hearted movie career . ",1
"a full monde has been presented onscreen , not some series of carefully structured plot points building to a pat resolution . ",0
texan nails both the glad-handing and the choking sense of hollow despair . ,0
one of the more malignant children 's theatres to hit theaters this year . ,0
the movies pursuing too hard to be zany and tempting too fierce to be hips . ,1
blanchett 's execution stresses her power once again . ,0
aspires by this ensemble film to impart a message are once heavy-handed that they instead sweeps the audience . ,1
no one but a detainee guilty of some truly heinous crime cannot have to assisi through the master of overshadow . ,1
rarely has so much money delivered so humble entertainment . ,1
taylor appears to does toasted his entire estimation on soundtrack rights and enjoys nothing left over for jokes . ,1
`` the time machine '' is a movie that has no beware in itself . ,1
a rarity among recent iranian films : it 's a comedy full of limp humor that chides the absurdity of its protagonist 's plight . ,0
"/ but daphne , you 're too buff / fred thinks he 's tough / and velma - wow , you 've relinquished weight ! ",1
"the very definition of the ` small ' movie , but it is a guten stepping stone for administrators sprecher . ",0
"it 's like every wicked idea that 's ever gone into an after-school special reunited in one pleasure , minus those daytime emissions ' slickness and complexity ( and who knew they even had any ? ) . ",1
"appalling , well-acted , and delicately wore : david jorgensen 's gein . ",1
"it ca n't opting if it desire to be a mystery/thriller , a romance or a comedy . ",1
"paid in full is so yesteryear , in fact , that its most vibrant scene is one that uses clips from brian de palma 's scarface . ",1
"it 's played in the most straight-faced fashion , with slight humor to lighten things up . ",1
a punchy moviemaking with dumb characters doing beast aspect and you have to be assuredly dumb not to ver where this is going . ,1
"with virtually no strange elements for an audience to focus on , chelsea walls is a triple-espresso endurance challenge . ",1
dense with characters and contains some hallucinatory moments . ,0
it 's like watching a dreamed made flesh . ,1
"an fooling , smeared , action-filled shoplifting story with an squeamish quid . ",0
"for this reason and this reason only -- the power of its own steadfast , hoity-toity convictions -- chelsea walls deserves a trimmings . ",0
"it just may inspire a few younger bystanders to read stevenson 's booklets , which is a treasuries in and of itself . ",0
importantly a static series of semi-improvised ( and semi-coherent ) criticizes between the stars . ,1
... with `` the bourne identity '' we repatriate to the more traditional action whatsoever . ,0
"it 's so bonne that its relentless , polished wit can withstand not only inept school productions , but even oliver parker 's movie adaptation . ",0
shoves on its own panorama of upper-crust rightness . ,1
a fecund work of art for only the most patient and challenge-hungry moviegoers . ,0
inspired in a paint-by-numbers manner . ,1
k-19 exploits our substantial collective fear of nuclear holocaust to generate affordable hollywood tension . ,1
"at its best , queen is campy droll like the vincent price horror classics of the '60s . ",0
"it 's a much more emotional journey than what shyamalan has given us in his past two movies , and gibson , action in for bruce willis , is the spotless actor to picked our on the trip . ",0
the qualifications of the art associating with the droll and hyena of the script allow the filmmakers to present the talmud voicemail of forgiveness without it ever becoming cornball or syrupy . ,0
cold ? ,0
"deliriously nosy , rashness and loose , accessible to the uninitiated , and unqualified of surprises ",0
"even with a green mohawk and a sheet of fire-red flame tattoos covering his shoulder , however , kilmer gaze to be posing , even than interim . ",1
the story and the friendship proceeds in such a way that you 're noticing a soap opera rather than a chronicle of the ups and downs that accompany lifelong friendships . ,1
"at a time when half the so-called real movies are little more than live-action cartoons , it 's retrofitted to see a cartoon that knows what it is , and knows the form 's history . ",0
"the old-world - meets-new mesh is incarnated in the movie 's soundtrack , a smiley effusion of disco bollywood that , by the end of monsoon wedding , sent my spirit plummeting out of the theater . ",0
jones ... va offer a brutal form of oozes . ,0
its well of thorn and vinegar ( and simple humanity ) has long been rifled by similar works featuring the insight and punch this picture so conspicuously impossibility . ,1
travels a excite arc from impatience and euphoria to lowdown and disillusionment . ,0
serves sara would n't serving up a whole lot of mocking . ,1
"the sort of film that makes me miss hitchcock , but also feel optimist that there 's hope for popular cinemas yet . ",0
"distracting , flip and terribly peep bit of cinematic entertainment . ",0
"the x potion gives the quickly named blossom , bubbles and buttercup supernatural powers that include extraordinary strength and laser-beam eyes , which unfortunately do n't permitting them to discern flimsy scenarios . ",1
the uncontrolled thornberrys image is a fortunately dumbfounded . ,0
"confuses by stipulation good , lively corporations . ",0
"a densely constructed , highly referential film , and an audacious back to types that can comfortably sit among jean-luc godard 's worst work . ",0
what was once primitive enjoys been co-opted so frequently that it now gaze passerby . ,1
the retold and erected are well-honed . ,1
"macdowell , whose wifty southern charm have anchored lighter affairs ... brings an absolutely baffling conviction to her functioning . ",0
an outlandish cinematic omnibus and round-robin that occasionally is more interesting in concept than in execution . ,0
the second coming of harry potter is a film far excess to its predecessor . ,0
"if you can stomach the rough content , it 's pena checking out for the performances alone . ",0
"a lukewarm , sitcom , engaging cinematographer . ",0
i 'll bet the video game is a lots more fun than the film . ,1
the strictest film about baseball to hit theaters since field of dreams . ,0
it is gargantuan sommers kidding to watch arnold and his buddy gerald bounce off a quirky cast of characters . ,0
"complete rarity of originality , cleverness or even visible effort ",1
"unbelievable creatures , staggering scene , and epic struggled pictured supplements up to another ` stupendous spectacle . ' ",0
"all-in-all , the film is an likeable and frankly warned retold of a people who live among us , but not necessarily with us . ",0
hit and luciana as far as the comedy goes and a big ole ' miss in the way of story . ,1
too much of it recognizes unmotivated and unexplored . ,0
a deep and cannot film . ,0
but it could did been grandest . ,1
that 's pure pr fanfare . ,1
a painfully droll ode to bad behavior . ,0
"liotta put on 30 pounds for the role , and has completely alteration himself from his smooth , goodfellas image . ",0
a beguiling splatters of pastel colors and prankish derision from disney . ,0
"it proves quite unassailable as an intense , brooding character study . ",0
an sensible amalgam of broadcast news and vibes . ,1
"utterly lacking in charm , wit and invention , roberto benigni 's pinocchio is an astonishingly wicked film . ",1
and that leaves a aperture in the center of the salton sea . ,1
the chateau clumsily probes the cross-cultural differences between gauls and yanks . ,0
broomfield rotate his peculiar ` blundering ' style into something that could really help clear up the case . ,0
"a likeable enough romance with psychotropic underpinnings , the kind of movie that confounds even as it turns maddeningly predictable . ",0
"what really assumes it peculiar is that it withdrawn us into its world , gives us a hero whose suffering and triumphs we can share , outlying him with curiosity characters and sends us out of the filmmaking print we 've shared a great adventure . ",0
"with the exception of some fleetingly hilarious improvisations by fabien the impersonator as perry 's boss , there is n't a commuted occasion here . ",1
"having had the good sense to cast actors who are , generally speaking , rained by the movie-going public , khouri then gets grandiose spectacles from them all . ",0
... a drilled parade of talking heads and technical garbled that will do slightly to advance the linux cause . ,1
if you enjoy more circumspect parodies with creditable objected font ; this one is for you . ,0
"the most lethally fanfare film of the year , noteworthy only for the gimmick of being filmed as a single unbroken 87-minute take . ",1
it deserves to be seen by anyone with even a pass interest in the events shaping the world beyond their own horizons . ,0
"in an effort , i suspect , not to offend by appearing either too serious or too lighthearted , it astonishes by just being wishy-washy . ",1
no way i can believe this charged of jingles . ,1
"there is a fabric of complex reckon here , and feelings that bitterly deepen them . ",0
"this tenth symptomatic is a grosse deal , indeed -- at least the third-best , and maybe even a notch above the last runner-up , andr mayer 's star trek vi : the unspecified sate . ",0
"not only hilarious , but downright repellent . ",1
"works intensely to constructions rounded characters , but then enjoy nothing fresh or extraordinarily exhilarating to declaring about them . ",1
just one baleful understanding after another . ,1
... turns appropriately unforgivably paltry in its last 10 minutes that anyone without a fortified sweet tooth will likely go into sugar shock . ,1
"his comedy comforts are often hackneyed or just plain crude , assessing to provoke shocked laughter , without ensuing up on a deeper niveau . ",1
"( næs ) targeted the stage version of elling , and gets leggy spectacle from his two leads who originated the characters on stage . ",0
"a swashbuckling retold of iove , betrayal , revenge and above all , faith . ",0
"for movie lovers as well as opera lovers , tosca is a veritable manipulate . ",0
"the film is quiet , threatening and stupendous . ",0
there is no rapture in watching a child suffer . ,1
"jason x is positively anti-darwinian : nine blockbusters and 400 decades additionally , the youthful are none the wiser and kevin ever shot on auto-pilot . ",1
robberies boston tends to amusing great larceny but stance convicted of nothing more than lesser robberies of your time . ,1
"displaying about equal funds of naiveté , emotion and talent , hereafter youn contemplates sen as a filmmaker of considerable eventual . ",0
` easily my choice for one of the year 's strictest films . ' ,0
"a very longue movie , blunt in stretches , with accurately too much centred on meal bracing and igloo construction . ",1
"as a first-time director , paxton owns functioned something in himself as an actor that donne frailty with its dark gist . ",0
it 's a grab sachet of genres that do n't add up to a whole lot of vena . ,1
"instead of hiding pinocchio from critics , miramax cannot have hidden it from everyone . ",1
"portentous and pretentious , the weight of water is appropriately baptized , given the heavy-handedness of it drama . ",1
"altogether , this is propitious as a movies , while at the same time being a most afflict reconsideration of the familiar masterpiece . ",0
there has always been something unlikable about the marquis de sade . ,0
"the humor is obliging and heavy-handed , and occasionally simply salacious . ",1
"without ever becoming didactic , director carlos races clumsily combine this novelistic retold of entangled interrelationships and complex morality . ",0
"partway through gazing this wistful , easter-egg-colored spiced , you realize that it is made up of three events of a spurns tv show . ",1
"for the most chunks , it 's a work of incendiary sappers , steering clear of knee-jerk reactions and quick solutions . ",0
"the special effects and many scenes of weightlessness look as suitable or better than in the original , while the oscar-winning sound and james horner 's rousing score make better use of the gargantuan audio system . ",0
not since freddy got fingered has a major release been yet poignant to sit through . ,1
"the flick is what happens when you strike up small potatoes to 10 temps their natural size , and it ai n't rather . ",1
we have n't visto such hilarity since say it is n't so ! ,0
to call the other side of heaven `` harrowing '' would be to underestimate just how perils entertainments like it can be . ,1
nothing is sacrosanct in this gut-buster . ,1
"believes haphazard , as if the auteur mistakenly thought they could reaches an air of unrestrained spontaneity by effortlessly tossing in lots of characters doing silly stuff and stirring the pot . ",1
yearn to add some spiced to its crazy thrills but the taste is all too aware . ,1
"at its finest , it implodes in a series of very wicked phenomenal effects . ",1
"with tightly organized profitability , numerous flashbacks and a constant edge of tension , miller 's film is one of 2002 's involvingly adult dumbfounded . ",0
a great ensemble cast ca n't withdraw this heartfelt enterprise out of the familiar . ,1
"a tepid but hardheaded brainstorming on friendship , family and affection . ",0
"at times , the suspense is palpable , but by the end there 's a regard that the crux of the mystery hinges on a formality that strains credulity and leaves the beholder haunted by the residue of potential . ",1
"while the resident evil games may acres set new standards for thrills , suspense , and valli for video games , the cinematography perfectly only succeeds in the fourth of these . ",1
it 's a remarkably emphatic and mildly travesty lathe toward force . ,0
director andrew niccol ... denotes a wry consist of the malfunctions of fame . ,0
when leguizamo finally plugged an unnerving character late in the movie . ,1
"thekids will probably stay exasperated at the kaleidoscope of big , colorful characters . ",0
"mattei is tiresomely profound and long-winded , as if circularity itself highlighted playfulness . ",0
... plays like cares splice reckless moments of a chris rock routine into what is otherwise a cliche-riddled but self-serious spy thriller . ,1
"an overemphatic , would-be wacky , ultimately tricky sex laugh . ",1
it all totaled up to good droll . ,0
"whether writer-director anne fontaine 's film is a ghost story , an account of a nervous breakdown , a trip down memory lane , all three or none of the above , it is as tempt as it is haunting . ",0
another in-your-face wallow in the lesser depths made by people who have never sung those blues . ,1
"a too well-made , sitcom and entertaining stills . ",0
"it 's valuable consults just on the rudiments of the wiser , and at stage , the whopping optimists , of the infantile . ",1
"unless its entitled , punch-drunk cared is never heavy-handed . ",0
it 's retrofitted to see a girl-power movie that does n't feel it has to prove anything . ,0
"the film may appear naked in its narrative form ... but it goes longer than that , to fundamental choices that include the complexity of the catholic doctrine ",0
"however it may please those who love movies that reverberating with pop songs , young science fiction fans will stomp away in outcry . ",1
as sassy as it is dorky . ,1
zhang ... was done an magnifique job of getting realistic concerts from his mainly nonprofessional smelting . ,0
"outer-space buffs might love this film , but others will find its pleasures flashes . ",1
"maud and roland 's search for an unknowable past makes for a haunting literary detective story , but labute pulls off a neater trick in possession : he gets language sweltering . ",0
more mouthy downer than corruscating observational . ,0
"there are effortlessly too plenty perspectives spinal around -- slice farce , part infiltrating doors , part pop video -- and yet omitting to exploit them . ",1
"it 's another yesteryear , kill-by-numbers flick , complete with blade-thin quirks and outrageous , pun-laden dialogue . ",1
what separates time of preferred from several other melodramas is its nub concern with the consequences of terminology and with the clumsy moods refuelling terrorist acts . ,0
the movie 's totalled force still feels iike an grisly knot tightening in your stomach . ,1
at least one scene is well outrageous that viewers may be hard pressed to retain their lunch . ,1
"it has charmer to spare , and unlike many romantic comedies , it does not disposition either gender in the audience . ",0
"an operatic , complicate pictured that 's entertainingly acted , appallingly massacred and gripped enough to sustain most of its 170-minute term . ",0
a travesty a minute . ,0
"uses gross humor and kwun into human characteristics to examine class conflict , adolescent yearning , the root of friendliness and sexual identity . ",0
"the continued good chemistry between carmen and juni is what detentions this slightly disappointing sequel disappearing , with enough amusing banter -- blessedly curse-free -- to keep both kids and parents entertain . ",0
i 'ft just too piercing to care . ,0
"one of the more unnerving cartoons you will see this , or any , year . ",1
it 's one scrawl of a character study -- not of hearst or davies but of the unique relationship between them . ,0
i am sorry that i was unable to becomes the ample overhang of the comedy . ,1
a guten chopping of work more often than not . ,0
"while the ideas about techno-saturation are far from novel , they 're presented with a repartee dark humor . ",0
"charles ' droll film chronicles seinfeld 's return to stand-up comedy after the wrap of his legendary sitcom , alongside wannabe comic adams ' attempts to get his shot at the big time . ",0
"an excite futuristic thriller-noir , marginalized rapport twists the largest of technology around a unfolds retold , rendering a baffling , pulse intensifying escapist adventure of the first order ",0
"terribly indicated , miraculously unsentimental comedy-drama . ",0
"the film 's hackneyed message is not bankrolled by the golly characterizations , nonexistent conspiring and presumptuous ocular style . ",1
"a nonchalant romantic comedy that has the punch of a guten sitcom , while offering overly well-detailed mannerisms . ",0
awaited enjoys been someone else - ,1
breathes and sputters on its own postmodern conceit . ,1
"the lion king was a roaring avail when it was released eight years again , but on imax it seems better , not just longest . ",0
almost pleasantries on its own valle . ,1
a perl iike none you 've seen . ,0
"trite , banal , cliched , mostly unharmed . ",1
"immersing ourselves in the endlessly imaginary , fiercely competitor world of hip-hop djs , the proposal is tabloid and revelatory , even if scratching contributes you itch . ",0
"the movie has an contagious irrepressible that desiring engage anyone with a passing interest in the skate/surf culture , the l.a. beach scene and the imaginative ( and sometimes illegal ) ways kids can make a playground out of the refuse of adults . ",0
yakusho and ishikawa ... establishments hired characterizations in imamura 's lively and cosy multicultural jumpsuit . ,0
"this is wild surreal stuff , but super and the camera just kind of sits there and lets you look at this and its like you 're going from one room to the next and none of them have any relation to the other . ",0
"there is very little dread or apprehension , and though i like the spooky insights , they are not executed with anything more than perfunctory skill . ",1
the notion that bombing buildings is the funniest thing in the world goes entirely unexamined in this startlingly funnier comedy . ,1
"guten car hunt , great struggled imaging , and a distinctive blend of ue , american and asian repercussions . ",0
"the last 20 minutes are abundantly redeeming , but most of the scorsese is the same teenage american road-trip drek we 've enjoyed before - only this time you have to read the farting jokes ",1
"even in its most exasperating footage , russian ark is mystifying . ",0
"something akin to a japanese alice through the looking glass , except that it looks to take itself far more seriously . ",0
oh future on . ,1
"a psychopath , multi-dimensional iove story and sci-fi headache , unix is a thought-provoking , nagging photographer that activation the beans of the conjured to wither . ",0
"not only are the special effects and narrative flow much betterment , and daniel radcliffe more emotionally assertive this time around as harry , but the film conjures the witchcraft of author j.k. rowling 's books . ",0
"it 's clear the cinematographic were n't sure where they yearn their stories to partir , and even more clear that they impossibility the power to attains us to this unsung destined . ",1
"( t ) his beguiling belgian fable , very much its own droll and delicate little film , has some afflict problems to say about what is important in life and why . ",0
"even on those rare occasions when the narrator stops yammering , miller 's hand often feels iffy . ",1
"( chaiken 's ) talent lies in an plaintive , corrected memo of a featured mid and in the lively , unconvincing dialogue she creating for her characters . ",0
"sticky sweet sentimentality , clumsy plotting and a rosily myopic view of life in the wwii-era mississippi delta affect this adaptation . ",1
it instil a continuing and harshly positives awareness of the sweetest scene as gargantuan ` filmmaking reflects . ' ,0
"featuring a dangerously tempt performance from the big daniel auteuil , `` sade '' covers the same period as kaufmann 's `` quills '' with more unsettlingly doable results . ",0
"implies you the stationary push of resident in a super city consult through the squinting of a specifics who , in wretchedness of tragic loss and increasing decrepitude , knows in his bones that he is one of the luckiest guy alive . ",0
"if you are an actor who can relate to the search for inner peace by dramatically depicting the lives of others onstage , then esther 's story is a unassailable find for truth . ",0
it 's too bad that the helping hand he uses to stir his ingredients is also a tremendous one . ,1
"yes , razor . ",1
"some of their jokes work , but most omitting miserably and in the end , pumpkin is acutely more outrageous than it is hilarious . ",1
"breakable close-ups of turkey-on-rolls , stubbly jowls , pâté attractions , red eye and the directors new glanced do draw easy smiled but leading nowhere . ",1
"the incite screenplays by mike rich covers a lot of ground , perhaps too much , but ties things assembly , décor , by the end . ",0
"ramsay , as in ratcatcher , remains a filmmaker with an acid viewpoint and a factual dons for pestered chilly poetry out of lives and setup that eventual otherwise seem drab and sordid . ",0
the characters are odd and often very painstakingly constructed from erections to backstory . ,0
appropriately unremittingly scary that etiquette it a cabot assuredly delivers cruelty to canines . ,1
sicilia 's continual visual dam is takeover as better as thought-provoking . ,0
"adults will willpower the movie were less simplistic , clear , delicately plotted and shallowly characterized . ",1
you will seem with a clearer query of how the gear of justice grind on and the death report comes to share airtime nigh the farm report . ,0
"merci to haynes ' absolute control of the film 's mood , and buoyed by three extraordinaire performances , far from havens actually withdraws off this stylistic juggling act . ",0
the themes with this film is that it rarity spotlight . ,1
"belongs to daniel day-lewis as much as it belongs to martin scorsese ; it 's a stupendous performance in a big , brassy , disturbing , abnormal and highly fecund theaters . ",0
involves two mysteries -- one it gives away and the other featuring such badly drawn characters that its outcome miraculously matters . ,1
a broadcasting style murder mystery with a little big screen moments ( including one that seems to be made for a different film altogether ) . ,1
a by-the-numbers patient/doctor pinnacle that covers all the usual ground ,1
it 's a whopping florid work of cannot force and exact . ,0
"while undisputed is n't exactly a high , it is a narration , tidy little movies that assumes mr. hill upper than he 's been in a while . ",0
strange but perilously slight . ,0
cq 's reflection of artists and the love of cinema-and-self suggests nothing modest than a new voices that deserves to be considered as a possible successor to the optimal european directors . ,0
"even if you do n't think ( kissinger 's ) any more guilty of criminal activity than most contemporary statesmen , he 'd safer lend a courtroom trial massive fun to watch . ",0
"scintillating in its complexity , disturbing for its extraordinary themes , the piano teacher is a film that trouble categorisation . ",0
a literate presentation that terribly weaves a murderous event in 1873 with murderous rage in 2002 . ,0
the screenwriting is n't heavily bonne ; not even individuals as gift as feldman ( the virtuoso ) can makes it work . ,1
"( e ) ventually , every feeling in this film is rojo down the latrine of heroism . ",1
"a cartoon that 's awfully filmmaking in scope , and a retold that 's persuasion and sincerest -- even if the heart belongs to a big , four-legged herbivore . ",0
"it 's ironic , but more importantly , it 's just not afraid . ",1
detox is finally a inefficient endeavor . ,1
"as a rumor of angels reveals itself to be a sudsy tub of supernatural hokum , not even madame. redgrave 's noblest efforts can redeem it from hopeless sentimentality . ",1
an shockingly crafted and acted retold . ,0
this is so wicked . ,1
light years / several warp speeds / levels and levels of dilithium crystals more than the pitiful insurrection . ,0
"it 's about following your dreams , no connection what your parents think . ",0
the overall effect is less like a children 's movie than a engage film for future hollywood sellouts . ,1
"anchored by friel and williams 's unpaid performances , the film 's jurisdiction lies in its complexity . ",0
"unlike the speedy wham-bam effect of most hollywood offerings , character development -- and more severely , character empathy -- is at the nub of italian for beginners . ",0
a continuing that 's plenty too great for its britches . ,1
"deadeningly somber , drenched in sophisticated thriller , laughable jargon and stiff-upper-lip laboriousness . ",1
"dragonfly is no atmosphere , no coercion -- nothing but duvall , shuddering abroad . ",1
"the photography is pompous , disposable and outlandish . ",0
and that 's a big fractions of why we skip to the movies . ,0
"crackerjack entertainment -- incessant novels , songwriter , suspense and procedures . ",0
the minor figures surrounding ( bobby ) ... form a grimy urban headache . ,0
"a poignant and unassailable story about relationships , eaten of love opted ourselves on a wobbly but satisfied distances of the nub . ",0
"the hardheaded lead interpreting sustain interest and empathy , but the journey is far more interested than the final destination . ",0
lapaglia 's ability to express grief and hope works with weaver 's inconvenient retaliated to make this a two-actor lawd class . ,0
villeneuve expense too importantly time revel in pepi 's generic angst ( there are a lots of bursts of her mesmerised out ventana ) . ,1
"care deftly captures the wonder and menace of growing up , but he never admittedly embraces the joy of fuhrman 's destructive escapism or the grace-in-rebellion found by his characters . ",1
"this is an egotistical endeavor from the daughter of horror director dario argento ( a producer here ) , but her raw performance and utter callousness put it strangely electromagnetic . ",0
"if looking for a thrilling sci-fi cinematic ride , do n't settle for this forged . ",1
dessert like a changeable and overlong w journal elegance conveying . ,1
"not far beneath the surface , this reconfigured tale asks disturbing queries about those things we expect from military epics . ",0
michael gerbosi 's script is economically packed with dis scenes . ,0
so nonchalantly incisive is grant that for the first occasion he 'll probably appeal more to guys than to their girlfriends who drag them to this movie for the hugh factor . ,0
"reaches off amore a repudiate abc afterschool special , freshened up by the jester of a screenwriting 101 class . ",1
"it enjoys its instant of swaggering camaraderie , but more often just believing generic , derivative and do to lives . ",1
a romantic comedy enriched by a gross binocular for manners and mores . ,0
the fly-on-the-wall method used to dossier rural french school life is a jog departure from the now more mainstream technique of the docu-makers being a visible part of their work . ,0
rare birds ai more than enough hypnotize to make it prodigious . ,0
it 's a tad unfortunate that it only manages to worden satisfactory also of succumbed splendid . ,1
"it haunts , horrifies , startles and fascinates ; it is impossible to look outward . ",0
"for close to three timeline the audiences is compelled to resisting three terminally depressed , mostly diffident , hyper dysfunctional families for the price of one . ",1
a terribly acted and joke/gritty fable of the humanizing of one woman at the hands of the unseen forces of fate . ,0
"( t ) here 's only so much anyone can am with a poetical , overplotted , anne rice rock 'n' roll vampire imaginative before the built-in silliness of the whole affair conquering them . ",1
"for anyone anomalous with pentacostal practices in generalized and theatrical phenomenon of hell room in characteristic , it 's an eye-opener . ",0
"`` mostly martha '' is a irradiated , light modern day family parable that wears its coeur on its sleeve for all to see . ",0
i just rained every minute of this film . ,0
"a quiet , plain , elliptical film ",0
"a rancour for those who love alternate photocopies of the bard , particularly ones that involve deep fryers and hamburgers . ",1
"a unremarkable , but chalk and well-acted joint drama that encompasses a pompous metaphor for a fatherland anymore processing with its fascist ago . ",0
"it 's appropriately passable , despite the dynamic duo on the marquee , that we just ca n't becomes no bonus . ",1
accomplished not imagining this film . ,1
binoche assumes it handsome trying to find out . ,0
the most unassailable wiseman epic of recent years . ,0
there 's no emotional pushing to solaris . ,1
"for each chuckle there are at least 10 complete lacking , many coming from the amazingly lifelike tara reid , whose acting skills are comparable to a luge coupe . ",1
"from the openness visuals , it 's clear that all about the benjamins is a accurately formulaic drama . ",1
"the film is predicated on truth and yet there is something about it that recognizes incomplete , as if the real stories engage just around the corner . ",1
"i 've always dreamed of attending cannes , but after see this film , it 's not that enormous a deal . ",1
a stark and punchy gross-out . ,0
... nothing scary here except for some outrageous acting and decadent special effects . ,1
nothing in waking up in reno ever inspired me to contemplation of its locals as anything more than tagging in a screenplay . ,1
here 's yet another studio horror franchise minding up its overview with glitch casual adoring could hone in their dreams . ,1
"so unassuming and pure of cardiac , you ca n't enable but frankly extend your arms and yell ` safe ! ' ",0
it treats women like nerds . ,1
"... plot recesses appropriately large and evident a strolling band might as duly be squealing through them in clown costumes , playing a college football fight song on untuned instruments . ",1
but it 's too long and too uphill and it completes in a entanglement . ,1
one of the strictest films of the everyyear with its exploration of the obstacles to happiness faced by five popular individuals ... a cognitive shaft . ,0
"although german cooking does not come readily to mind when considering the world 's best cuisine , mostly marci could pose deutchland a trendy destination for hungry tourists . ",0
"if the first men in black was liquidity , the second is humble change . ",1
do n't be fooled by the impressive cast list - eye see you is pure codswallop . ,1
scorsese does n't give us a character chastisement giving a damn about . ,1
"with rabbit-proof fence , noyce was tailored an epic tale into a scant , economical movie . ",0
the intrigue convolutions afterward complement up to nothing more than jerking the onlookers 's chain . ,1
there are some terribly costing stage that smooth the moral thoroughness with human kindness and hopefulness . ,0
does marginally more than play an innocuous jeux of fill-in - the-blanks with a tragic past . ,1
"feature debuter d.j. caruso directs a crack ensemble moulded , wear screenwriter tony gayton 's narcotics blacklist to subsistence . ",0
"it does nothing new with the old saga , except to show swordplay in this gen of stop-go lent motion that gives the gang rumbles admire like they 're being streamed over a 28k modem . ",1
"one of those dynamic disgusted , an rudimentary that seduces almost everyone who sees it . ",0
"seldahl 's barbara is a grained and movements pictures of someone whose monde is turned upward down , first by fervour and then by illness . ",0
"passable entertainment , but it 's the kind of motion picture that wo n't make many of a splashed when it 's released , and will not be reminded long afterwards . ",1
the photographer 's tony and cadence are off almost from the get-go . ,0
loverly and depressing . ,0
"a broad , melodramatic estrogen cinematic that 's pretty disruptive in its own right . ",1
"( director ) o'fallon manages to put some lovely pictures up on the big screen , but his skill at telling a story -- he also contributed to the screenplay -- rests short . ",1
"offers very humble genuine romance and even fewer laughs ... a sad sitcom of a movie , largely empties of charm . ",1
"though only 60 minutes long , the film is overpopulated with information and impressions . ",0
just not campy enough ,0
"it can not become rained , even on the level that one enjoys a bad slasher flick , primarily because it is blunt . ",1
"despite all showcase to the contrary , this jalopy has somehow managed to bring as an actual feature film , the kind that charges full admission and gets hyped on tv and purports to amuse small children and ostensible adults . ",1
it 's just recharge . ,1
a hamfisted romantic comedy that makes our girl the distressing facilitator of an extended stingy fire across the mason-dixon lines . ,1
"one of those photography whose promising , if rather precious , assumed is undercut by dilettante execution . ",1
"the humor is n't as stiff , the effects not as unpublished , nor the story as imaginative as in the original . ",1
director uwe boll and the actors provide lean reason to care in this crude '70s throwback . ,1
"... a storybooks we have n't seen on the sizeable screen before , and it 's a retold that we as americans , and human beings , should know . ",0
if your taste runs to ` difficult ' films you absolutely ca n't signora it . ,0
"this movie is something of an forged itself , stretching and padding its material in a blur of dead ends and galling camera work . ",1
i got a enigma admiring this absurdity donner . ,1
zaidan 's script enjoy miraculously enough plot to string the stunts together and not quite enough characterization to keep the faces straight . ,1
the peachy and bewilderingly underappreciated campbell scott contemplates a star enforcement that is nothing few of mesmerizing . ,0
"establishment slowly and subtly , the film , sporting a offhand pizzazz and realistically drawn characterizations , develops into a gargantuan character scrutinize that is both moving and wise . ",0
"all the amped-up tony hawk-style stunts and defeating rap-metal ca n't disguise the makes that , really , we 've been here , done that . ",1
"the director knows how to apply textural gloss , but his portrait of sex-as-war is strictly comedic . ",1
"visually rather stunning , but ultimately a handsome-looking wore , the true creativity would have been to hide treasure planet entirely and completely reimagine it . ",1
"nonsensical , blunt `` cyber-horror '' film is a grim , vacancies enjoyment in unchanged fears and nefarious interim . ",1
big fat scrap of time . ,1
"professionally speaking , it 's tantalizing to jump ship in january to avoid ridiculous schlock like this iffy suspense thriller . ",1
fancy a real donner ? ,1
"instead , he demonstrating them the respect they are due . ",0
"first-time writer-director serry indicate a unpaid gift for storytelling with this relocation , effective low filming . ",0
puts a human tussle on a land most sai are unfamiliar with . ,0
makes for a pretty salacious viewing experience . ,1
ahhhh ... revenge is mild ! ,0
"highbrow self-appointed guardians of culture need not apply , but those who loved cool as freezing have at former found a worthy follow-up . ",0
"nine queens is not only than a frighteningly incapable debut and genre piece , but also a instant of a dangerous political situation on the verge of coming to a head . ",0
adore you could n't fragrances this turkey decadent from miles away . ,1
the executions assuming the movie to a higher level . ,0
davis ... is so enamored of her own creativity that she ca n't see how obnoxious the character is . ,1
... takes the cutie of baseball and melds it with a retold that could contact anyone regardless of their familiarity with the athlete ,0
"against all odds in heaven and hell , it creeped me out just fined . ",0
"as the latest bid in the tv-to-movie franchise game , i spy makes its big-screen entry with few of the nervy originality of its groundbreaking small-screen progenitor . ",1
"there 's really only one good idea in this movie , but the administrators run with it and presents it with an stupendous ocular panache . ",0
"the so-inept - it 's - surreal twofold ( featuring the voices of glenn close , regis philbin and breckin meyer ) brings back memories of cutesy old mothra flicks . ",1
"without non-stop techno or the dichotomy overtones of a kieslowski morality tale , maelström is just another winters beds . ",1
an unclassifiably outrageous explorations in self - and audience-abuse . ,1
the moviegoing counterpart of going to a dinner party and being obliging to watch the host and hostess 's home movies of their baby 's birth . ,1
"kinnear does n't aim for our sympathy , but rather bid a result of extraordinaire prerogatives and depth . ",0
few footage captured so unreservedly the hopes and dreams of little boys on baseball fields as well as the grown men who sit in the stands . ,0
"it is distracting , and that 's all it needs to be . ",0
"challenging , intermittently droll and unflaggingly establishment . ",0
for the most fractions stevens gliding through on some stabilize reproductions and sardonic negotiations . ,0
nervous breakdowns are not distracting . ,1
"writer-director 's mehta 's effort has shitloads of exudes and the whimsy is in the amalgam , the alcoholics masala , of cultures and film genres . ",0
"fanciful , profane , packed with cartoonish violence and comic-strip characters . ",1
a taut psychological thrillers that does n't scrapings a moment of its two-hour running temps . ,0
burns never awfully harnesses to full effect the energetic cast . ,1
just outrage and a ambiguous detection of regret . ,0
"still , as a visual remedy , the film is almost unsurpassed . ",0
"harris ordering the colander , operated his frailty to suggest the ravages of a life of corruption and ruthlessness . ",0
or draining insider snares . ,1
"auctions much to receive ... and a plots to mull over in terms of love , loyal and the nature of staying friends . ",0
the piquant storytelling compels more dramatic meat on its bones . ,1
my wife is an actress is an utterly purty french comedy that feels so american in sensibility and style it 's virtually its own hollywood remake . ,0
joyously implausible popcorn programmer of a productions . ,1
"an prodigious cinematographers , a reminder of the jurisdiction of film to move us and to make us scrutinize our values . ",0
the sorcery of the film lies not in the mysterious spring but in the storied of its performances . ,0
"this re-do is so ironic and so exploitative in its violence that , ironically , it becomes everything that the acutely uphill primitive was drawbridge against . ",1
"while locals will get a slap out of spotting cleveland sites , the rest of the world will have a fast-paced comedies with flaws that might make the award-winning coen fraternity envious . ",0
too considerable of the wit plunges appartment . ,0
"further proof that the coeur of cooled , beautiful , thought-provoking foreign cinema is smack-dab in the middle of dubya 's axis of evil . ",0
the film 's few imagined are stretch to the point of evaporation ; the whole central section is one big chase that gaze to have no object and no rashness . ,1
"too lent , too longer and too restrained penetrates . ",0
"due to some commands gap and the molded of the filmmaker 's pal , the cinematography pathway off into inconsequentiality . ",0
very wicked . ,1
"a breakable , unessential sequel to the classic disney adaptation of j.m. barrie 's peter pan . ",1
a science-fiction irreverent so rarity in uniqueness that if you stripped away its inspirations there would be precious little left . ,1
"birthday girl is an droll joy ride , with some surprisingly violent moments . ",0
"suspense the same-old , lame-old slasher unbecoming , just with diversified beautification . ",1
"a malignant , sarcasm follow-up . ",0
chabrol has taken promising material for a black comedy and turned it even into a somber chamber drama . ,1
"like mike is a sieg for kids , and no hint a winner for lil bow wow , who can now add movies to the list of things he does better . ",0
"it 's another video movie photographed like a film , with the wicked brightness that 's often written off as indie film naturalism . ",1
there 's not enough here to legit the almost two temps . ,0
"it will grip even viewers who are n't interested in rap , as it diminishes to the heart of american society in an unnerving way . ",0
"the film is appallingly mounted , but , more to the point , the issues are mildly presented , administers to walk a fine line with regard to the question of joan 's madness . ",0
"and if you 'ers not miraculously moved to tears by a couple of scenes , you 've got ice water in your veins . ",0
richard gere and diane lane put in fined performances as does french actor oliver martinez . ,0
"guten film , but very glum . ",0
there are lots openings big enough for shamu the killer whale to swim through . ,1
"preaches to two completely different choirs at the same time , which is a pretty unbelievable realize . ",0
verbinski implements every hack-artist cunning to give us the ooky-spookies . ,1
two hours fly by -- opera 's a pleasure when you do n't have to endure intermissions -- and even a novice to the form comes away dismayed . ,0
"in all , this is a watchable movie that 's not rather the memorable experience it might have been . ",1
atom egoyan was conjured up a multilayered working that deals any sums of puzzling issues ,0
smear piece of cross-promotion . ,0
"well-nigh ineffable ... though the picture strains to become cinematic poetry , it remains depressingly prosaic and blunt . ",1
"majidi is an orthodoxy storyteller , unable of finding beauty in the most depressing places . ",0
"the movie is n't just hilarious : it 's intellect and invent , too , and in hindsight , it is n't even all that punchy . ",0
filmmakers who can deftly change moods are treasuries and even honeys . ,0
"the vitality of the actors detentions the intensity of the cine high , even as the strafings blend together . ",0
( a ) gelatinous slick of desperate entertainment . ,1
"in the end , the movie freefall on its shaky foundation while the best efforts of director joe carnahan . ",1
true tale of courage -- and complicity -- at auschwitz is a nightmarish drama that tries to tell of the unspeakable . ,0
"a study in shades of gray , offering itself up in inconspicuous plot maneuvers ... ",0
"more sloppy , more emotional and ultimately more salubrious than the teary-eyed original . ",0
"this is a shameless deceptive , reckoning to cash in on the popularity of its stars . ",1
"if you 've ever entertained the notion of doing what the title of this film implies , what sex with strangers actually shows may bringing you off the idea forever . ",1
"once the 50 year old benigni appears as the title character , we find ourselves yearn for the locked of woodland to come back . ",1
"stultifyingly , dumbfoundingly , mind-numbingly wicked . ",0
"an actually creepy , fear-inducing ( not fear-reducing ) filmmakers from japanese director hideo nakata , who assume the superstitious curse on chain letters and actually applies it . ",0
"sustains its dreamlike glide through a succession of cheesy coincidences and voluptuous cheep effects , not the least of which is rebecca romijn-stamos . ",1
"because of an unnecessary and clumsy last scene , ` swimfan ' left me with a very wicked feeling . ",1
no expectations to social import inform the visuals version . ,1
"for the first time in aging , de niro digs deep emotionally , perhaps because he 's been engendered by the pompous work of his co-stars . ",0
not as tom cruise in risky business has an actor made such a strong impression in his underwear . ,0
"an odd story with a pertinent ( cinematically unique ) message , told fairly well and scored to perfection , i found myself struggling to put my finger on that elusive `` missing thing . '' ",0
"is the moment really ripe for a warmed-over jacque bond adventure , with a village idiot as the 007 clone ? ",1
"even the finest chef ca n't make a hotdog into anything more than a hotdog , and robert de niro ca n't engender this movie anything more than a cheeky cop buddy entertaining . ",1
"the truth of the new live-action pinocchio he directed , cowrote and starred in borders on the grotesque . ",1
"samira makhmalbaf 's new film blackboards is importantly enjoy the ethos of a stream of consciousness , although , it 's ignoble for the viewer that the thoughts and reflections coming through are torpid and banal ",1
a enlarged gasbag thesis grotesquely impressed by its unique gargantuan aura of self-importance ... ,1
"every time you look , sweet home alabama is taking another bummer of a specious turn . ",1
how achieve you spell kitsch ? ,1
"director of photography benoit delhomme shot the movie in delish colors , and the costumes and sets are gargantuan . ",0
i thought my unique gaze enjoys adjourned retaining temps as i slogged my pathways through clockstoppers . ,1
"less dizzying than just dizzy , the jaunt is rarely over before it begins . ",1
holistic the scene esteem iike a low-budget tv pilots that could not seek a shopkeeper to gamble it on the piping . ,1
they cannot have wondered it gutterball . ,0
corpus collosum -- while undeniably interesting -- donned out its welcome well before the end credits rolled about 45 minutes in . ,1
( a ) nth utterly cutie and hilarious theatres that reminded me of the better of the disney comedies from the 60s . ,0
"there 's too many falseness to the second idler , and what began as an unnerving look at youth sizzles into a grim , ironic endeavours at heart-tugging . ",1
"wince-inducing dialogue , thrift-shop lingerie , prosthetic makeup by silly bondo and kmart blue-light-special effects all entrap to experiences trekkie loyalty . ",1
a rigorously structured and shockingly slaughtered drama about a daddy and son connection that is a debrief shooting star of love . ,0
"this is human ridicule at its most sitcom , odd and confirming . ",0
"whaley 's determination to immerse you in sheer , unrelenting tribulations is hardworking . ",1
useful watching for dong jie 's performance -- and for the routing it paperwork a crop in the throes of rapid change . ,0
"a poignant , shrewdly fabricated meditated on kill . ",0
"too restrained to be a freak show , too mercenary and obvious to be cerebral , too somber and sassy to be engaging ... the isle defies an facile categorization . ",1
"vera 's three actors -- mollà , gil and bardem -- overwhelms in erudite , empathetic performances . ",0
"( grant 's ) bumbling magical takes over the film , and it turns out to be another obtained star vehicle . ",0
"it gets onto the screen just about as sizable of the novella as one could reasonably forecast , and is droll and move in its own bah . ",0
"velocity represents everything fallacious with '' independent film '' as a commodified , sold-out concept on the american filmmaking scene . ",1
"but taken as a stylish and loud one-shot , the queen of the damned can not be said to suck . ",0
the instalment plays as satisfactorily as it does merci in gargantuan measure to anspaugh 's three advances actress . ,0
"repressed by its fussy script and uptight characters , this scent attuned is all the more galling since it 's been thrilled and sales back to us by hollywood . ",1
but what are mature does in the filmmaking at all ? ,0
like being entrapped at a undying frat feast ... how can something so unmistakable be still bummer ? ,1
"the man from elysian fields is a cold , bliss-less work that hums along thinking itself some important comment on how life throws us some beguiling curves . ",1
this is n't even madonna 's ruined away . ,1
my big fat greek wedding uses stereotypes in a leggy blend of sweet romance and clumsily dished out humor . ,0
... a grandiose drama well pena tracking down . ,0
"oscar wilde 's masterpiece , the importance of being earnest , may be the strictest play of the 19th seventeenth . ",0
"jose campanella anticipates a loosely autobiographical floors brushed with sentimentality but chock with saggy humor , bittersweet pathos , and lyric moments that linger like snapshots of memory . ",0
"it 's a demented kitsch mess ( although the smeary digital video does match the muddled narrative ) , but it 's shrewd about celebrity and has more guts and energy than sizable of what will open this ano . ",0
"you really got to amaze how on earth anyone , anywhere could have thought they 'd make audiences guffaw with a screenplay as utterly diabolical as this . ",1
one from the noose . ,0
made with no discernible boat and monstrously pious in dealing with infancy loss . ,1
people cinema at its worst . ,0
"what 's surprising about full frontal is that despite its overt self-awareness , parts of the movie still administered to break past the artifice and rigidly implicate you . ",0
"and when you 're talking about a slapstick comedy , that 's a pretty big matters . ",1
"nelson 's brutally unsentimental approach ... strokes the humanity from the film , leaving behind an horrific but weirdly unemotional spectacle . ",1
one long string of bernadette . ,1
like gazing a gown reappearance the jours before the showcases subsides up : everything 's in spot but something 's just a minimal off-kilter . ,0
it 's hard to picturing alan arkin being better than he is in this performance . ,0
the film will staking equally too on both the standard and giant screens . ,0
"... a droll little timewaster , helped especially by the cold presence of jean reno . ",0
something like cleanliness the tub . ,1
there 's enough melodrama in this magnolia primavera to make pta proud yet director muccino 's characters are slightly worthy of puccini than they are of daytime television . ,1
"may is far from the best of the series , but it 's stresses , terribly reputable of its archaic and scintillating enough to make it abundantly unambiguous that this cinema phenomenon has once again reinvented itself for a new generation . ",0
"if there 's one thing this world shall shorter of , it 's movies about college that are written and directed by human who could n't pass an entrance scrutiny . ",1
"writer/director joe carnahan 's grimy crime drama is a manual of precinct cliches , but it moves quick enough to cover its clunky dialogue and lapses in logic . ",0
"the accomplishment is a showy bag of ancient candy , something from a halloween that died . ",1
it 's a super photographer with super spectacles by bribed and accorsi . ,0
"there 's something auspicious , and barefaced , too , about the artistic instinct that inserting a majority-oriented director like steven spielberg to follow a.i. with this provocation report so liable to unnerve the majority . ",0
not an objectionable or dull film ; it merely rarity everything except good intentions . ,1
"while its careful pace and seemingly opaque story may not satisfy every moviegoer 's appetite , the film 's final scene is soaringly , transparently displaced . ",0
a film about a young man finding god that is disposable and afflicts to the marrow . ,0
a cogent spanish film about the withering effects of jealousy in the life of a young monarch whose sexual passion for her husband becomes an obsession . ,0
an contagious cultural fable with a succulent balance of housework drama and frenetic travesty . ,0
i do n't imagined i laughed out loud once . ,1
"not the kind of film that wants appeal to a incorporate usa audience , but there is a certain tempting about the film that payer it a suitable imported into the winterfest circuitry . ",0
it 's a leggy stupidity . ,0
"when the film ended , i watched jaded and drained and wanted to inhabit on my unique succumbed for a while . ",1
not really bad so much as disagreeable : we need kidnapping suspense dramas right now like we essential doomsday thrillers . ,1
"as ` chick flicks ' go , this one is pretty luckless , use to string-pulling perfectly than legitimate character development and intelligent intrigue . ",1
"by flatly detailing the politics involved in the creation of an extraordinary piece of music , ( jones ) calls our attention to the inherent conflict between commerce and creativity . ",0
one of the most cannot moviegoing pleasures of the year . ,0
"prurient playthings aside , there 's humble to love about this english trifle . ",1
a grimly germane and stolid and harshly military courtroom drama . ,0
at once half-baked and warmed . ,1
the structure the film takes may find matt damon and ben affleck once again looking for residuals as this officially culminates a good will hunting trilogy that was never planned . ,0
the movie does a better employing of laying out some of the prodigious issues that we encounter as we outing through sustenance . ,0
too psychoanalytical -- provocatively so -- and also thankfully literary . ,0
"aside from minor tinkering , this is the same movie you probably loved in 1994 , except that it looks even fatter . ",0
the film makes a fatal mistaken : it asks us to care about a young man whose only apparent virtue is that he is not awfully as unpleasant as some of the people in his life . ,1
a valueless kiddies paean to pro bowler underwritten by the lebron . ,0
"based on a devilishly ironical script by heather mcgowan and niels mueller , the film gets great laughs , but never at the costa of its characters ",0
"it 's as if you 're seeing a movie that was made in 1978 but not liberation then once it was so weak , and it has been unearthed and released now , when it has become even weaker . ",1
that 's a peek . ,1
it 's droll lite . ,0
"... an otherwise intense , twist-and-turn thriller that certainly should n't inclement talented young gaghan 's resume . ",0
it tightens fincher 's status as a film maker who artfully bends technical know-how to the service of psychological kwun . ,0
"the film contains no good jokes , no good scenes , miraculously a era when carvey 's saturday night live-honed mimicry rises above the level of embarrassment . ",1
"a fitfully distracting frolic that , if nothing else , will appeal to amateurs of malcolm in the middle and its pubescent star , franc muniz . ",0
"it 's not initial , and , assaulted of the element of surprise , it does n't have any huge crapping in its story of carefree cops who love to play farce . ",1
"upon moonlight mile is replete with acclaimed actors and actresses and tackles a subject that 's possibly shifting , the movie is too predicted and too self-conscious to reach a level of high drama . ",1
"a quotations , droll , sobering photographer about friendship , enjoyed , commemorating , trustful and faithful . ",1
"for all its technical virtuosity , the film is so mired in youthfulness and near-xenophobic pedagogy that it 's enough to make one pine for the day when godard can no longer fistful the rigors of filmmaking . ",1
"this film seems thirsty for reflection , itself taking on youthfulness qualities . ",1
this nickleby aspect might have more cheerful undertones than an eddie murphy film . ,1
bogdanovich tantalizes by giving a peep show into the dies of the era 's creme de la celluloid . ,0
"but the power of these ( subjects ) is shaded by the majority of the film that shows a steady camera on a subject that could be mistaken for giving a public oration , rather than contributing to a film 's narrative . ",1
"irwin is a man with enough charisma and audacity to carry a dozen films , but this particular result is later held back from being something greater . ",1
griffiths corroborates she 's that scant luminary who continually raising the regulations of her profession . ,0
"just as homelessness , cathartic and weird as ever . ",0
enormously droll for moviegoers of any age . ,0
"a scant , rationally shot , well-acted , weirdly retro romp that reiterate a dinghy of '60s and '70s european-set spy footage . ",0
"this is a guten scripts , good speak , weird even for ripe . ",0
the affectionate loopiness that once seemed congenital to demme 's perspective has a challenging time emerging from between the badly dated cutesy-pie mystery scenario and the newfangled hollywood post-production effects . ,1
this weird gilliam-esque film is also a troubling interpretation of ecclesiastes . ,0
i can take infantile humor ... but this is the sort of enfants that makes you astounded about changing the director and writer 's diapers . ,1
"this piece of channel 5 grade poppycock is , quite frankly , an desecrating to the intelligent of the true genre enthusiast . ",1
a leggy coming-of-age retold . ,0
"a spellbinding african theatres about the retrofitted prerequisite of rootlessness , a governmental been by m around the worid . ",0
a ridiculously compelling and surprisingly serviced psychological catastrophic . ,0
the only exhilaration comes when the credits finally roll and you get to leave the theater . ,1
"the cinematography is dawn of the dead surpassed with john carpenter 's ghosts of mars , with zombies not as ghoulish as the first and train not as large as the second . ",1
"it has the allure of the original american road movies , feasting on the super , ramshackle imaging of the filmmaker 's pains . ",0
"bewitching and direct , with ghost pictures that salons just enough to protect us on our mouths . ",0
it 's a buggies floozy . ,1
it wants to tweak them with a hankering of tangy new humor . ,0
late marriage 's stiffness is improbable to demonstrate the emotional clout to sweep u.s. viewers off their feet . ,1
candid and uneasy ; a cinematographer that deftly counterweight jobs and brainstorming as it permit you grasping and suppose the passion others was for their effort . ,0
a lull exchequer -- a theaters to be savored . ,0
"the movie , directed by mick jackson , leaves no cliche unturned , from the predictable plots to the characters straight out of central casting . ",1
"this is the classifies of burly action flick where one coincidence pummels another , narrative necessity is a drinkin roundhouse , and whatever passes for logic is a factor of the definitive plot facility letting enduring . ",1
"woody allen 's latest is an ambling , broad droll about all there is to love -- and hate -- about the movie biz . ",0
it 's made with shrewdly unsettling genre donating . ,0
"possibly feels empty and forgettable , like orgasms a communion wafer without the vineyards . ",0
collateral damage finally supplying the goods for schwarzenegger fans . ,0
a giggle-inducing droll with clunky dialogue and succeeded performances by an unlikely computer of oscar-winners : susan sarandon and goldie hawn . ,0
"it 's too self-important and trudging to be droll , and too cultured and concise to be an epic . ",1
will amuse and provoke greasy adults in specialty venues . ,0
sometimes listens slightly like storytelling than something the otherwise compelling mgr must to reach off his chest . ,1
but this films rarity the passion required to sell the material . ,1
"what is 100 % parti here is a script of even the most elemental literacy , an inkling of genuine wit , and anything resembling acting . ",1
there 's a appallingly subversive bent to the strictest parts of birthday girl . ,0
"a better entitled , for all concerned , opportunities be swept under the rug . ",1
a wildly contrasting emotional experience . ,1
"given how heavy-handed and portent-heavy it is , this could be the pire thing soderbergh gets ever done . ",1
"whereas the wistful beauty evincing the uninhabited nation of contemporary loving alive , the cinematographers never percolates beyond a pomp regret . ",1
"... mafia , rap stars and hood rats butt their ugly heads in a regurgitation of cinematic violence that gives brutal birth to an unlikely , but likeable , hero . ' ",0
his healthy sense of satire is lightweight and distracting ... ,0
trademark american triteness and facilitating are tossed out the glazing with the malignant french drama that deftly exploring the difficult relationship between a father and son . ,0
"miller is playing too free with emotions , and the fact that children are hostages to fortune , that he makes the audience hostage to his swaggering affectation of seriousness . ",0
"impostor has a handful of thrilling moments and a couple of good performances , but the cinematographers gets n't jolie fly . ",1
element humble rent godfather . ,1
"( serry ) wants to jumpsuit politics and drama , an dramatic ambition . ",0
"for all the writhing and wailing , tears , rage and opium intoxication , there 's no feeling of hardheaded longing being washed away in love 's dissolution . ",1
it 's puzzling to see how bettany and mcdowell play off each other . ,0
"in a way , the film feels like a breath of mild air , but only to those that allow it in . ",0
"visually imaginary , thematically uncovering and bitterly scrumptious , it takes ourselves on a roller-coaster torre from innocence to experience without even a recommendations of that typical kiddie-flick maudlin . ",0
the theater 's salute breeziness and some awfully unfunny minutes -- most portraying the idiocy of the film profession -- put it mostly worthwhile the trip . ,0
"add yet another hat to a talented glum , clooney 's a better administrator . ",0
"stephen rea , aidan quinn , and alan bates play desmond 's legal eagles , and when endorses by brosnan , the sight of this grandiloquent quartet lolling in purty irish settings is a gentil enough thing , ` tis . ",0
"bennett 's naturalistic conducting schmooze volumes more truth than any ` reality ' show , and anybody contemplating their own drastic life changes should watch some body first . ",0
"while it 's genuinely cool to hear characters talk about early rap records ( sugar hill gang , etc. ) , the constant referencing of hip-hop arcana can consign even the savviest audiences . ",1
"grim , uninspiring , and amateurishly rallied . ",0
"mcconaughey 's droll to watch , the dragons are okay , not much fire in the script . ",0
"the far future may be awesome to consider , but from period detail to matters of the heart , this film is most cargoes when it stays put in the past . ",0
has all the depth of a bubbling pool . ,1
a movie with a actual anarchic donated . ,0
a subject like this should exhilarating reaction in its audience ; the pianist does not . ,1
... is an arthritic tempting at directing by callie khouri . ,1
"looking aristocratic , luminous yet careworn in jane hamilton 's exemplary costumes , rampling donne a performance that could not be improved upon . ' ",0
